transformação,alvo,n,r,R2_aj,p_termo_quad,p_shapiro,p_breusch_pagan
raiz quadrada,somente X,25,0.8829502337023525,0.7700185549861279,1.1007199753156762e-12,0.003498385512947439,0.007708563019306147
raiz quadrada,somente Y,25,0.970019995845573,0.9383709137463428,1.612943888251823e-07,0.18395638577376056,0.07057763555627082
raiz quadrada,X e Y,25,0.9516007989549131,0.9014373014660476,1.3108452221406536e-09,0.027708813048715863,0.05141010948638617
quadrado,somente X,25,0.9608607514665005,0.9199165743048008,5.598400087805996e-13,0.3150934685844284,0.0011845222828256088
quadrado,somente Y,25,0.7965788696593642,0.6186482388742156,3.270344013833333e-10,0.002519994171908083,0.0008353309797962353
quadrado,X e Y,25,0.8681079753659485,0.7428989115415301,2.0028493693927558e-13,0.07282165455701305,6.466817161647156e-05
log10,somente X,25,0.8466760436841029,0.7045499022071977,1.881843611432954e-11,0.0005758197440752208,0.014064914263535648
log10,somente Y,25,0.9798302464023912,0.9583311079286649,0.485981535312765,0.9016041098448144,0.1258563325570076
log10,X e Y,25,0.9720804654890614,0.9425465370978405,0.0057065736152734385,0.7962093008575366,0.2872035087812189
