transformação,alvo,n,r,R2_aj,DW,p_termo_quad
raiz quadrada,somente X,9,-0.9948222001093073,0.9881956683775116,1.413567622957618,0.011299846034494047
raiz quadrada,somente Y,9,-0.988609089818516,0.9741119228249084,0.7991812483339608,0.00023688245754727638
raiz quadrada,X e Y,9,-0.9874435330781269,0.9714796925917878,1.0820969562957827,0.00017783046171941742
quadrado,somente X,9,-0.8822671449507637,0.7467375029252248,0.5900434400552503,0.02020544459456386
quadrado,somente Y,9,-0.9387265300751414,0.8642371408764746,0.7494744888640984,0.00045900975258871435
quadrado,X e Y,9,-0.8147008617122874,0.6156999932282785,0.6215699008129348,0.03557965447646738
log10,somente X,8,-0.9890968487885957,0.9746980056641189,1.0793913614398156,0.00025499223891805255
log10,somente Y,9,-0.9964341533951863,0.9918640252027221,1.0332903768350845,0.002071191926173005
log10,X e Y,8,-0.968961826681562,0.9287015251604145,0.8349104098531673,2.592642052469715e-05
